Boxter S	Kansas City	2002	WP0ZZZ98Z2K720001	Porsche
Cayman	Chicago	2007	WP0ZZZ98Z7U700002	Porsche
Cayman	Chicago	2015	WP0ZZZ98ZFU700002	Porsche
911	St. Louis	2008	WP0ZZZ99Z8S730001	Porsche
911	St. Louis	2014	WP0ZZZ99ZES739999	Porsche
Cayman	Chicago	2015	WP0ZZZ98ZFU700001	Porsche
911	St. Louis	2004	WP0ZZZ99Z4S730001	Porsche
Boxter S	Kansas City	2014	WP0ZZZ98ZEK720001	Porsche
911	St. Louis	2015	WP0ZZZ99ZFS739999	Porsche
Boxter S	Kansas City	2005	WP0ZZZ98Z5K720001	Porsche
Boxter S	Kansas City	2013	WP0ZZZ98ZDK720001	Porsche
Cayman	Chicago	2014	WP0ZZZ98ZEU700001	Porsche
Boxter S	Kansas City	2014	WP0ZZZ98ZEK729999	Porsche
Boxter S	Kansas City	2015	WP0ZZZ98ZFK720001	Porsche
911	St. Louis	2012	WP0ZZZ99ZCS739999	Porsche
911	St. Louis	2012	WP0ZZZ99ZCS730001	Porsche
911	St. Louis	2001	WP0ZZZ99Z1S730001	Porsche
911	St. Louis	2009	WP0ZZZ99Z9S730001	Porsche
Cayman	Chicago	2006	WP0ZZZ98Z6U700001	Porsche
911	St. Louis	2007	WP0ZZZ99Z7S739999	Porsche
911	St. Louis	2003	WP0ZZZ99Z3S739999	Porsche
Cayman	Chicago	2012	WP0ZZZ98ZCU700001	Porsche
Boxter S	Kansas City	2003	WP0ZZZ98Z3K720001	Porsche
Cayman	Chicago	2013	WP0ZZZ98ZDU700002	Porsche
911	St. Louis	2013	WP0ZZZ99ZDS730001	Porsche
Boxter S	Kansas City	2013	WP0ZZZ98ZDK729999	Porsche
Cayman	Chicago	2010	WP0ZZZ98ZAU700001	Porsche
Boxter S	Kansas City	2006	WP0ZZZ98Z6K729999	Porsche
911	St. Louis	2005	WP0ZZZ99Z5S730001	Porsche
911	St. Louis	2006	WP0ZZZ99Z6S739999	Porsche
911	St. Louis	2003	WP0ZZZ99Z3S730001	Porsche
911	St. Louis	2014	WP0ZZZ99ZES730001	Porsche
Cayman	Chicago	2009	WP0ZZZ98Z9U700002	Porsche
911	St. Louis	2011	WP0ZZZ99ZBS730001	Porsche
911	St. Louis	2009	WP0ZZZ99Z9S739999	Porsche
Cayman	Chicago	2011	WP0ZZZ98ZBU700002	Porsche
Boxter S	Kansas City	2006	WP0ZZZ98Z6K720001	Porsche
911	St. Louis	2008	WP0ZZZ99Z8S739999	Porsche
Boxter S	Kansas City	2011	WP0ZZZ98ZBK720001	Porsche
911	St. Louis	2007	WP0ZZZ99Z7S730001	Porsche
Boxter S	Kansas City	2010	WP0ZZZ98ZAK729999	Porsche
911	St. Louis	2002	WP0ZZZ99Z2S730001	Porsche
Boxter S	Kansas City	2009	WP0ZZZ98Z9K729999	Porsche
Cayman	Chicago	2007	WP0ZZZ98Z7U700001	Porsche
Boxter S	Kansas City	2008	WP0ZZZ98Z8K729999	Porsche
Boxter S	Kansas City	2002	WP0ZZZ98Z2K729999	Porsche
911	St. Louis	2011	WP0ZZZ99ZBS739999	Porsche
911	St. Louis	2013	WP0ZZZ99ZDS739999	Porsche
Boxter S	Kansas City	2001	WP0ZZZ98Z1K720001	Porsche
Boxter S	Kansas City	2009	WP0ZZZ98Z9K720001	Porsche
Cayman	Chicago	2011	WP0ZZZ98ZBU700001	Porsche
Boxter S	Kansas City	2008	WP0ZZZ98Z8K720001	Porsche
Boxter S	Kansas City	2012	WP0ZZZ98ZCK720001	Porsche
Cayman	Chicago	2010	WP0ZZZ98ZAU700002	Porsche
Cayman	Chicago	2012	WP0ZZZ98ZCU700002	Porsche
911	St. Louis	2001	WP0ZZZ99Z1S739999	Porsche
Cayman	Chicago	2008	WP0ZZZ98Z8U700002	Porsche
911	St. Louis	2004	WP0ZZZ99Z4S739999	Porsche
Cayman	Chicago	2014	WP0ZZZ98ZEU700002	Porsche
911	St. Louis	2006	WP0ZZZ99Z6S730001	Porsche
Boxter S	Kansas City	2000	WP0ZZZ98Z0K720001	Porsche
911	St. Louis	2010	WP0ZZZ99ZAS730001	Porsche
911	St. Louis	2000	WP0ZZZ99Z0S739999	Porsche
Boxter S	Kansas City	2010	WP0ZZZ98ZAK720001	Porsche
911	St. Louis	2005	WP0ZZZ99Z5S739999	Porsche
Boxter S	Kansas City	2001	WP0ZZZ98Z1K729999	Porsche
Boxter S	Kansas City	2007	WP0ZZZ98Z7K729999	Porsche
Boxter S	Kansas City	2015	WP0ZZZ98ZFK729999	Porsche
Boxter S	Kansas City	2007	WP0ZZZ98Z7K720001	Porsche
Cayman	Chicago	2005	WP0ZZZ98Z5U700001	Porsche
Boxter S	Kansas City	2000	WP0ZZZ98Z0K729999	Porsche
Boxter S	Kansas City	2004	WP0ZZZ98Z4K729999	Porsche
Boxter S	Kansas City	2011	WP0ZZZ98ZBK729999	Porsche
911	St. Louis	2000	WP0ZZZ99Z0S730001	Porsche
Boxter S	Kansas City	2012	WP0ZZZ98ZCK729999	Porsche
Boxter S	Kansas City	2005	WP0ZZZ98Z5K729999	Porsche
Cayman	Chicago	2008	WP0ZZZ98Z8U700001	Porsche
Cayman	Chicago	2009	WP0ZZZ98Z9U700001	Porsche
Boxter S	Kansas City	2004	WP0ZZZ98Z4K720001	Porsche
911	St. Louis	2002	WP0ZZZ99Z2S739999	Porsche
911	St. Louis	2010	WP0ZZZ99ZAS739999	Porsche
Cayman	Chicago	2013	WP0ZZZ98ZDU700001	Porsche
Boxter S	Kansas City	2003	WP0ZZZ98Z3K729999	Porsche
911	St. Louis	2015	WP0ZZZ99ZFS730001	Porsche
